Facility Code,Facility Name,Land Location,Township,Range,Meridian,Latitude,Longitude,CAPACITY (MW),ADDRESS,Area
2S,KANANASKIS,25-8-W 5,25,8,5,50.63350955,-115.1391836,,,AB
3E,BRAZEAURUBBERDAM,46-11-W 5,46,11,5,52.9099142,-115.3757592,,,AB
3S,HORSESHOE,25-8-W 5,25,8,5,51.11776635,-115.0357353,,,AB
5S,EASTCALGARY,24-1-W 5,24,1,5,51.08184326,-114.0462146,,,AB
12S,HEARTLAND,56-22-W 4,56,22,4,53.82609,-112.84969,,,AB
13S,DEERLAND - Battle River Power Station,56-20-W 4,56,20,4,52.47032036,-112.1328529,,,AB
14S,DEVON,50-26-W 4,50,26,4,53.30435,-113.37987,,,AB
15S,FORTMACLEOD,9-26-W 4,9,26,4,49.73913,-113.37987,,,AB
17S,BENALTO,38-3-W 5,38,3,5,52.26087,-114.33136,,,AB
19S,WABAMUN - Transalta Sundance Generating Station,53-4-W 5,53,4,5,53.50865502,-114.5565893,,,AB
20S,GHOST,26-6-W 5,26,6,5,51.21889793,-114.707514,,,AB
21S,MARION,52-5-W 5,52,5,5,53.47826,-114.59645,,,AB
28S,WESTBROOKS,18-15-W 4,18,15,4,50.52174,-111.92188,,,AB
29S,CASCADE,26-11-W 5,26,11,5,53.51663463,-116.6043987,,,AB
32S,BARRIER,24-8-W 5,24,8,5,51.03434302,-115.0408955,,,AB
33S,SPRAY,24-11-W 5,24,11,5,51.04348,-115.39171,,,AB
35S,RUNDLE,24-10-W 5,24,10,5,51.04348,-115.25917,,,AB
36S,THREESISTERS,23-10-W 5,23,10,5,50.95652,-115.25917,,,AB
37S,NORTHCALDER,53-25-W 4,53,25,4,53.56522,-113.24732,,,AB
38S,EASTEDMONTON,52-23-W 4,52,23,4,53.47826,-112.98223,,,AB
39S,BICKERDIKE,52-18-W 5,52,18,5,53.47826,-116.31952,,,AB
40S,WETASKIWIN,46-24-W 4,46,24,4,52.95652,-113.11478,,,AB
42S,SARCEE,24-2-W 5,24,2,5,51.04348,-114.19882,,,AB
43S,JUMPINGPOUNDJUNCTION,25-6-W 5,25,6,5,51.13043,-114.72899,,,AB
44S,BEARSPAWPLANT,25-2-W 5,25,2,5,51.10127037,-114.2822274,,,AB
45S,BRETONA,52-23-W 4,52,23,4,53.47826,-112.98223,,,AB
48S,POCATERRA,20-9-W 5,20,9,5,50.69565,-115.12662,,,AB
49S,INTERLAKES,19-9-W 5,19,9,5,50.6087,-115.12662,,,AB
51S,WAINWRIGHT,45-7-W 4,45,7,4,52.86957,-110.86153,,,AB
54S,FORTSASKATCHEWAN,54-22-W 4,54,22,4,53.65217,-112.84969,,,AB
55S,OLDS,33-2-W 5,33,2,5,51.82609,-114.19882,,,AB
56S,BOYLE,64-19-W 4,64,19,4,54.52174,-112.45206,,,AB
58S,EDSON,53-17-W 5,53,17,5,53.56522,-116.18697,,,AB
59S,PEIGAN - Wind Turbine,8-27-W 4,8,27,4,49.65217,-113.51241,,,AB
61S,LODGEPOLE,48-9-W 5,48,9,5,53.13043,-115.12662,,,AB
62S,BRAZEAU,45-10-W 5,45,10,5,52.86957,-115.25917,,,AB
63S,REDDEER,38-28-W 4,38,28,4,52.26087,-113.64495,,,AB
64S,EASTCROSSFIELD,28-28-W 4,28,28,4,51.43123683,-113.8369501,,,AB
65S,HIGHRIVER,19-29-W 4,19,29,4,50.6087,-113.7775,,,AB
67S,STIRLING,6-19-W 4,6,19,4,49.47826,-112.45206,,,AB
68S,WILLESDENGREEN,42-8-W 5,42,8,5,52.6087,-114.99408,,,AB
69S,NORTHBARRHEAD,60-4-W 5,60,4,5,54.17391,-114.4639,,,AB
71S,LAMOUREUX,55-22-W 4,55,22,4,53.73913,-112.84969,,,AB
72S,LEISMER,77-8-W 4,77,8,4,55.65217,-110.99408,,,AB
74S,JANET,23-28-W 4,23,28,4,51.00746266,-113.8908437,,,AB
77S,SAGITAWAH,59-11-W 5,59,11,5,54.08696,-115.39171,,,AB
83S,TABER - Permanently Closed,10-16-W 4,10,16,4,49.82609,-112.05443,,,AB
86S,BIGSTONE,47-24-W 4,47,24,4,53.04348,-113.11478,,,AB
87S,GAETZ,38-27-W 4,38,27,4,52.26087,-113.51241,,,AB
89S,ELLERSLIE,51-24-W 4,51,24,4,53.43390222,-113.459638,,,AB
92S,VISCOUNT,54-25-W 4,54,25,4,53.65217,-113.24732,,,AB
95S,IMPERIALOILEDMONTON,53-24-W 4,53,24,4,53.56522,-113.11478,,,AB
99S,NORTHST.ALBERT,54-25-W 4,54,25,4,53.65217,-113.24732,,,AB
101S,CHEVIOT,47-24-W 5,47,24,5,53.04348,-117.11478,,,AB
102S,LANGDON,23-27-W 4,23,27,4,50.95652,-113.51241,,,AB
103S,GOOSELAKE,6-30-W 4,6,30,4,49.47826,-113.91004,,,AB
104S,WATSONCREEK,49-26-W 5,49,26,5,53.21739,-117.37987,,,AB
105S,BILBY,53-1-W 5,53,1,5,53.56522,-114.06627,,,AB
106S,PADDLERIVER,53-10-W 5,53,10,5,53.56522,-115.25917,,,AB
107S,WESTFIELD,8-11-W 4,8,11,4,49.65217,-111.39171,,,AB
108S,AMELIA,56-21-W 4,56,21,4,53.82609,-112.71715,,,AB
111S,COALBANKS,8-22-W 4,8,22,4,49.65217,-112.84969,,,AB
112S,WINDYPOINT,7-29-W 4,7,29,4,49.56522,-113.7775,,,AB
114S,GHOSTPINE,34-24-W 4,34,24,4,51.91304,-113.11478,,,AB
115S,MT.ALLAN,23-9-W 5,23,9,5,50.95652,-115.12662,,,AB
118S,CANMORE,24-10-W 5,24,10,5,51.04348,-115.25917,,,AB
120S,PICTUREBUTTE,10-21-W 4,10,21,4,49.82609,-112.71715,,,AB
121S,BROOKS,18-14-W 4,18,14,4,50.52174,-111.78934,,,AB
122S,ALBERTANEWSPRINT,60-13-W 5,60,13,5,54.17391,-115.6568,,,AB
123S,BANFF,26-12-W 5,26,12,5,51.21739,-115.52425,,,AB
127S,BRUDERHEIM,55-20-W 4,55,20,4,53.80267424,-112.8712746,,,AB
131S,MOONLAKE,51-7-W 5,51,7,5,53.3913,-114.86153,,,AB
132S,WAREJUNCTION,22-14-W 4,22,14,4,50.86957,-111.78934,,,AB
133S,STELCOEDMONTON,52-23-W 4,52,23,4,53.47826,-112.98223,,,AB
134S,TABERWINDFARM,8-15-W 4,8,15,4,49.65217,-111.92188,,,AB
135S,CONRAD,7-15-W 4,7,15,4,49.56522,-111.92188,,,AB
137S,SEDGEWICK,44-12-W 4,44,12,4,52.78261,-111.52425,,,AB
138S,WINDYFLATS - Premanently Closed,8-26-W 4,8,26,4,49.64207748,-113.4928693,,,AB
139S,HILLRIDGE,8-18-W 4,8,18,4,49.65217,-112.31952,,,AB
140S,THOMPSON,67-12-W 4,67,12,4,54.78261,-111.52425,,,AB
142S,MAGCAN,19-28-W 4,19,28,4,50.6087,-113.64495,,,AB
146S,MACDONALD,9-21-W 4,9,21,4,49.73913,-112.71715,,,AB
149S,NISKU,50-24-W 4,50,24,4,53.30435,-113.11478,,,AB
150S,CLYDE,59-25-W 4,59,25,4,54.08696,-113.24732,,,AB
151S,STRATHMORE,24-25-W 4,24,25,4,51.04348,-113.24732,,,AB
154S,BLACKSPRUCE,76-6-W 4,76,6,4,55.56522,-110.72899,,,AB
155S,BLACKMUD,50-24-W 4,50,24,4,53.30435,-113.11478,,,AB
157S,LACLABICHE,66-14-W 4,66,14,4,54.69565,-111.78934,,,AB
158S,VAUXHALL,13-16-W 4,13,16,4,50.08696,-112.05443,,,AB
159S,COLINTON,65-22-W 4,65,22,4,54.6087,-112.84969,,,AB
163S,AMOCOEMPRESS,20-1-W 4,20,1,4,50.69565,-110.06627,,,AB
164S,EMPRESS LIQUIDS,20-1-W 4,20,1,4,50.67881717,-110.053129,,,AB
165S,T.M.P.L.GAINFORD,53-6-W 5,53,6,5,53.56522,-114.72899,,,AB
166S,DOWCHEMICALFORTSASKATCHEWAN,55-22-W 4,55,22,4,53.73913,-112.84969,,,AB
167S,IPIATIKLAKE,73-7-W 4,73,7,4,55.30435,-110.86153,,,AB
170S,PIKE,74-5-W 4,74,5,4,55.3913,-110.59645,,,AB
171S,REDWATER,57-21-W 4,57,21,4,53.91304,-112.71715,,,AB
172S,SHERRITTGORDON,55-22-W 4,55,22,4,53.73913,-112.84969,,,AB
177S,WESTCASCADE,26-11-W 5,26,11,5,51.21739,-115.39171,,,AB
178S,CYNTHIA,50-12-W 5,50,12,5,53.30435,-115.52425,,,AB
179S,GLEICHEN,22-22-W 4,22,22,4,50.86957,-112.84969,,,AB
180S,COPECREEK,25-5-W 5,25,5,5,51.13043,-114.59645,,,AB
181S,CHINOOK,9-22-W 4,9,22,4,49.73913,-112.84969,,,AB
183S,UNDERWOOD,74-5-W 4,74,5,4,55.3913,-110.59645,,,AB
184S,PETRO-CANADAEDMONTON,53-23-W 4,53,23,4,53.56522,-112.98223,,,AB
185S,BRETVILLE,53-23-W 4,53,23,4,53.56522,-112.98223,,,AB
186S,DRYCREEK,26-1-W 5,26,1,5,51.21739,-114.06627,,,AB
191S,N.W.CARDIFF,56-25-W 4,56,25,4,53.82609,-113.24732,,,AB
194S,SOUTH REDDEER,38-27-W 4,38,27,4,52.27037038,-113.8217404,,,AB
197S,BARDO,50-19-W 4,50,19,4,53.30435,-112.45206,,,AB
199S,EASTAIRDRIE,27-29-W 4,27,29,4,51.30435,-113.7775,,,AB
204S,SANDYPOINT,20-1-W 4,20,1,4,50.69565,-110.06627,,,AB
205S,CASTLEROCKRIDGE,7-30-W 4,7,30,4,49.56522,-113.91004,,,AB
207S,PINEDALE,53-15-W 5,53,15,5,53.56522,-115.92188,,,AB
209S,TIMBERLANDS,38-27-W 4,38,27,4,52.26087,-113.51241,,,AB
212S,N.E.LACOMBE,41-26-W 4,41,26,4,52.52174,-113.37987,,,AB
213S,HUGHENDEN,41-7-W 4,41,7,4,52.52174,-110.86153,,,AB
214S,INNISFAIL,35-28-W 4,35,28,4,52,-113.64495,,,AB
216S,KNIGHTSBRIDGE,53-23-W 4,53,23,4,53.56522,-112.98223,,,AB
217S,NORTHREDDEER,38-27-W 4,38,27,4,52.26087,-113.51241,,,AB
218S,FORTSASKATCHEWANCO-GEN,55-22-W 4,55,22,4,53.73913,-112.84969,,,AB
221S,SUNKENLAKE,40-5-W 4,40,5,4,52.43478,-110.59645,,,AB
223S,STROME,46-15-W 4,46,15,4,52.95652,-111.92188,,,AB
225S,MAGRATH,5-22-W 4,5,22,4,49.3913,-112.84969,,,AB
226S,GARDENCITY,5-22-W 4,5,22,4,49.3913,-112.84969,,,AB
227S,CUTTINGLAKE,19-14-W 4,19,14,4,50.6087,-111.78934,,,AB
228S,T.M.P.L.NITON,53-13-W 5,53,13,5,53.56522,-115.6568,,,AB
229S,GLENWOOD,4-26-W 4,4,26,4,49.30435,-113.37987,,,AB
230S,WARDLOW,22-9-W 4,22,9,4,50.86957,-111.12662,,,AB
233S,BEAMER,56-21-W 4,56,21,4,53.82609,-112.71715,,,AB
234S,FORTASSINIBOINE,61-6-W 5,61,6,5,54.26087,-114.72899,,,AB
235S,ENTWISTLE,53-7-W 5,53,7,5,53.56522,-114.86153,,,AB
237S,FOOTHILLS,19-27-W 4,19,27,4,50.6087,-113.51241,,,AB
238S,SHELLHARMATTAN,32-3-W 5,32,3,5,51.73913,-114.33136,,,AB
239S,CASTLERIVER,6-1-W 5,6,1,5,49.47826,-114.06627,,,AB
240S,MCBRIDELAKE,8-26-W 4,8,26,4,49.65217,-113.37987,,,AB
241S,UPLANDS,9-21-W 4,9,21,4,49.73913,-112.71715,,,AB
242S,FLATLAKE,67-18-W 4,67,18,4,54.78261,-112.31952,,,AB
243S,SODERGLEN,7-26-W 4,7,26,4,49.56522,-113.37987,,,AB
244S,BOWMANTON,14-4-W 4,14,4,4,50.17391,-110.4639,,,AB
245S,SEEBE,25-8-W 5,25,8,5,51.13043,-114.99408,,,AB
247S,PIPERCREEK,38-27-W 4,38,27,4,52.26087,-113.51241,,,AB
250P,BIGHORNPLANT,38-17-W 5,38,17,5,52.26087,-116.18697,,,AB
251S,WHITLA,7-9-W 4,7,9,4,49.56522,-111.12662,,,AB
252S,JARROW,46-10-W 4,46,10,4,52.95652,-111.25917,,,AB
253S,BLACKIE,19-25-W 4,19,25,4,50.6087,-113.24732,,,AB
254S,COALDALE,10-20-W 4,10,20,4,49.82609,-112.5846,,,AB
255S,VULCAN,16-24-W 4,16,24,4,50.34783,-113.11478,,,AB
256S,HARMATTAN,31-4-W 5,31,4,5,51.65217,-114.4639,,,AB
257S,HULL,12-16-W 4,12,16,4,50,-112.05443,,,AB
258S,DOWHYDROCARBONS,55-22-W 4,55,22,4,53.73913,-112.84969,,,AB
259S,CHICKADEE,61-15-W 5,61,15,5,54.26087,-115.92188,,,AB
262S,ROCKYMOUNTAINHOUSE,39-7-W 5,39,7,5,52.34783,-114.86153,,,AB
263S,STRACHAN,38-9-W 5,38,9,5,52.26087,-115.12662,,,AB
264S,ELKWATER,10-5-W 4,10,5,4,49.82609,-110.59645,,,AB
266S,SC1,14-27-W 4,14,27,4,50.17391,-113.51241,,,AB
267S,KILLARNEYLAKE,42-3-W 4,42,3,4,52.6087,-110.33136,,,AB
268S,WHITECOURT,60-12-W 5,60,12,5,54.17391,-115.52425,,,AB
269S,WYNDHAM(CARSELANDCO-GEN),22-26-W 4,22,26,4,50.86957,-113.37987,,,AB
271S,JUMPINGPOUND,25-5-W 5,25,5,5,51.13043,-114.59645,,,AB
272S,SPRINGBANK,24-4-W 5,24,4,5,51.04348,-114.4639,,,AB
275S,JENNER,20-8-W 4,20,8,4,50.69565,-110.99408,,,AB
276S,UNIONCARBIDEPRENTISS,39-25-W 4,39,25,4,52.34783,-113.24732,,,AB
277S,HAYTER,41-1-W 4,41,1,4,52.52174,-110.06627,,,AB
279S,AHS01,86-10-W 4,86,10,4,56.43478,-111.25917,,,AB
281S,JOHNSON,31-2-W 5,31,2,5,51.65217,-114.19882,,,AB
282S,GRASSLAND,68-19-W 4,68,19,4,54.86957,-112.45206,,,AB
283S,VIOLETGROVE,48-7-W 5,48,7,5,53.13043,-114.86153,,,AB
284S,NOSECREEK,28-1-W 5,28,1,5,51.3913,-114.06627,,,AB
285S,EASTCAMROSE,47-19-W 4,47,19,4,53.04348,-112.45206,,,AB
286S,YASA,53-23-W 4,53,23,4,53.56522,-112.98223,,,AB
287S,HAZELWOOD,35-27-W 4,35,27,4,52,-113.51241,,,AB
288S,WOLFCREEK,43-25-W 4,43,25,4,52.69565,-113.24732,,,AB
289S,SAUNDERSLAKE,50-24-W 4,50,24,4,53.30435,-113.11478,,,AB
291S,COCHRANE,25-4-W 5,25,4,5,51.13043,-114.4639,,,AB
293S,BERNESE,52-23-W 4,52,23,4,53.47826,-112.98223,,,AB
294S,BRAZEAUOUTLETWORKS,46-11-W 5,46,11,5,52.95652,-115.39171,,,AB
296S,ROSYTH,42-9-W 4,42,9,4,52.6087,-111.12662,,,AB
297S,RIMBEY,42-2-W 5,42,2,5,52.6087,-114.19882,,,AB
299S,KINGMAN,49-20-W 4,49,20,4,53.21739,-112.5846,,,AB
301S,QUEENSLAND,49-20-W 4,49,20,4,53.21739,-112.5846,,,AB
302S,CARDINALRIVER,47-24-W 5,47,24,5,53.04348,-117.11478,,,AB
303S,SADDLEBROOK,19-28-W 4,19,28,4,50.6087,-113.64495,,,AB
304S,LIMESTONE,33-10-W 5,33,10,5,51.82609,-115.25917,,,AB
305S,ACHESON,52-26-W 4,52,26,4,53.51305531,-113.7758486,,,AB
306S,HALSBURY,21-8-W 4,21,8,4,50.78261,-110.99408,,,AB
308S,ALBCHEMBEAVERHILLCREEK,55-20-W 4,55,20,4,53.73913,-112.5846,,,AB
309S,ANTHONYHENDAY,53-23-W 4,53,23,4,53.56522,-112.98223,,,AB
310P,SUNDANCE,52-4-W 5,52,4,5,53.47826,-114.4639,,,AB
312S,FIDLER,7-29-W 4,7,29,4,49.56522,-113.7775,,,AB
313S,RAYMONDRESERVOIR,5-20-W 4,5,20,4,49.3913,-112.5846,,,AB
314S,IRRICANPOWER,7-21-W 4,7,21,4,49.56522,-112.71715,,,AB
315S,CHINCHUTE,8-18-W 4,8,18,4,49.65217,-112.31952,,,AB
316S,WESTCROSSFIELD,28-1-W 5,28,1,5,51.3913,-114.06627,,,AB
317S,BASELINE,53-23-W 4,53,23,4,53.56522,-112.98223,,,AB
318S,SCORIA,56-22-W 4,56,22,4,53.82609,-112.84969,,,AB
320P,KEEPHILLS,51-4-W 5,51,4,5,53.3913,-114.4639,,,AB
321S,ALROTHBAUER,13-6-W 4,13,6,4,50.08696,-110.72899,,,AB
322S,COWLEYRIDGE,7-1-W 5,7,1,5,49.56522,-114.06627,,,AB
323S,WHITECOURTPOWER,60-12-W 5,60,12,5,54.17391,-115.52425,,,AB
324S,CASSILS,18-15-W 4,18,15,4,50.52174,-111.92188,,,AB
325S,LEDUC,49-25-W 4,49,25,4,53.21739,-113.24732,,,AB
326S,MURRAYLAKE,8-9-W 4,8,9,4,49.65217,-111.12662,,,AB
329S,HRTEXPRESS,42-9-W 4,42,9,4,52.6087,-111.12662,,,AB
330P,GENESEE,50-3-W 5,50,3,5,53.30435,-114.33136,,,AB
331S,PONOKA,43-25-W 4,43,25,4,52.69565,-113.24732,,,AB
332S,ELLIS,39-25-W 4,39,25,4,52.34783,-113.24732,,,AB
336S,FINCASTLE,10-15-W 4,10,15,4,49.82609,-111.92188,,,AB
337S,CANADALIQUIDAIR,53-23-W 4,53,23,4,53.56522,-112.98223,,,AB
338S,CHERHILL,55-4-W 5,55,4,5,53.73913,-114.4639,,,AB
339S,DUCHESS,20-14-W 4,20,14,4,50.69565,-111.78934,,,AB
341S,SANDHILLSSUB,20-1-W 4,20,1,4,50.69565,-110.06627,,,AB
342S,GRANITE,56-22-W 4,56,22,4,53.82609,-112.84969,,,AB
344S,WARNER,4-17-W 4,4,17,4,49.30435,-112.18697,,,AB
345S,HORNBECK,53-18-W 5,53,18,5,53.56522,-116.31952,,,AB
346S,KAYBOB,59-18-W 5,59,18,5,54.08696,-116.31952,,,AB
347S,FOXCREEK,61-18-W 5,61,18,5,54.26087,-116.31952,,,AB
348S,MARLBORO,54-19-W 5,54,19,5,53.65217,-116.45206,,,AB
349S,STAVELY,14-27-W 4,14,27,4,50.17391,-113.51241,,,AB
352S,ONOWAY,54-2-W 5,54,2,5,53.65217,-114.19882,,,AB
353S,PLAMONDON,67-16-W 4,67,16,4,54.78261,-112.05443,,,AB
354S,SUMMERVIEW,7-28-W 4,7,28,4,49.56522,-113.64495,,,AB
355S,CHEVRONKNIGHT,59-18-W 5,59,18,5,54.08696,-116.31952,,,AB
356S,MILO,18-21-W 4,18,21,4,50.52174,-112.71715,,,AB
358S,BRAZEAU,46-14-W 5,46,14,5,52.95652,-115.78934,,,AB
359S,WESTPEMBINA,49-11-W 5,49,11,5,53.21739,-115.39171,,,AB
363S,SEDALIA,32-5-W 4,32,5,4,51.73913,-110.59645,,,AB
364S,WHITECOURTINDUSTRIAL,59-11-W 5,59,11,5,54.08696,-115.39171,,,AB
365S,CANADIANOXYASTOTINCREEK,55-20-W 4,55,20,4,53.73913,-112.5846,,,AB
367S,HARRYSMITH,52-27-W 4,52,27,4,53.48162865,-113.8504045,,,AB
368S,BURDETT,10-12-W 4,10,12,4,49.82609,-111.52425,,,AB
370S,NORTHLETHBRIDGE,9-21-W 4,9,21,4,49.73913,-112.71715,,,AB
373S,MADDEN,30-2-W 5,30,2,5,51.56522,-114.19882,,,AB
377S,HARDISTY,42-9-W 4,42,9,4,52.6087,-111.12662,,,AB
378S,CAROLINE,34-6-W 5,34,6,5,51.91304,-114.72899,,,AB
379S,WATERTON,4-30-W 4,4,30,4,49.30435,-113.91004,,,AB
383S,KETTLE'SHILL,6-29-W 4,6,29,4,49.47826,-113.7775,,,AB
384S,KEYSTONE,49-3-W 5,49,3,5,53.21739,-114.33136,,,AB
385S,SPRINGCOULEE,4-24-W 4,4,24,4,49.30435,-113.11478,,,AB
388S,RIVERSIDE,56-22-W 4,56,22,4,53.82609,-112.84969,,,AB
391S,TURBOBALZAC,26-29-W 4,26,29,4,51.21739,-113.7775,,,AB
392S,BLACKDIAMOND,20-2-W 5,20,2,5,50.69565,-114.19882,,,AB
394S,EMPRESS,20-1-W 4,20,1,4,50.69565,-110.06627,,,AB
395S,NORTHHOLDEN,50-16-W 4,50,16,4,53.30435,-112.05443,,,AB
396S,PINCHERCREEK,6-30-W 4,6,30,4,49.47826,-113.91004,,,AB
397S,BENBOW,59-18-W 5,59,18,5,54.08696,-116.31952,,,AB
402S,SHELLAOSP,56-21-W 4,56,21,4,53.82609,-112.71715,,,AB
404S,PEACEBUTTE,9-6-W 4,9,6,4,49.73913,-110.72899,,,AB
405S,WAUPISOO,67-18-W 4,67,18,4,54.78261,-112.31952,,,AB
406S,FICKLELAKE,51-19-W 5,51,19,5,53.3913,-116.45206,,,AB
408S,AIRLIQUIDE,55-21-W 4,55,21,4,53.73913,-112.71715,,,AB
409S,SCOTFORD,55-21-W 4,55,21,4,53.73913,-112.71715,,,AB
410S,JOSEPHBURG,55-21-W 4,55,21,4,53.73913,-112.71715,,,AB
411S,OBED,53-24-W 5,53,24,5,53.56522,-117.11478,,,AB
412S,EAGLECREEK,34-4-W 5,34,4,5,51.91304,-114.4639,,,AB
414S,GULFROBB,49-20-W 5,49,20,5,53.21739,-116.5846,,,AB
415S,DRYWOOD,4-29-W 4,4,29,4,49.30435,-113.7775,,,AB
418S,ARDENVILLEWINDFARM,7-26-W 4,7,26,4,49.56522,-113.37987,,,AB
419S,CHESTERMERE,24-28-W 4,24,28,4,51.04348,-113.64495,,,AB
420S,BROADMOOR,53-23-W 4,53,23,4,53.56522,-112.98223,,,AB
421S,HAYS,13-14-W 4,13,14,4,50.08696,-111.78934,,,AB
422S,WESTWOOD,54-22-W 4,54,22,4,53.65217,-112.84969,,,AB
426S,COALSPUR,48-21-W 5,48,21,5,53.13043,-116.71715,,,AB
428S,NAMAKA,24-23-W 4,24,23,4,51.04348,-112.98223,,,AB
429S,NELSONLAKE,43-23-W 4,43,23,4,52.69565,-112.98223,,,AB
430S,URSUS,55-22-W 4,55,22,4,53.73913,-112.84969,,,AB
431S,HUSSAR,23-20-W 4,23,20,4,50.95652,-112.5846,,,AB
432S,CARVEL,53-1-W 5,53,1,5,53.56522,-114.06627,,,AB
434S,STONYPLAIN,52-27-W 4,52,27,4,53.47826,-113.51241,,,AB
435S,BASSANO,21-17-W 4,21,17,4,50.78261,-112.18697,,,AB
437S,BAYMAG,24-9-W 5,24,9,5,51.04348,-115.12662,,,AB
438S,WESTLOCK,60-26-W 4,60,26,4,54.17391,-113.37987,,,AB
439S,OPAL,56-22-W 4,56,22,4,53.82609,-112.84969,,,AB
443S,SOUTHMAYERTHORPE,57-8-W 5,57,8,5,53.91304,-114.99408,,,AB
445S,ELKRIVER,46-14-W 5,46,14,5,52.95652,-115.78934,,,AB
447S,ENCHANT,15-18-W 4,15,18,4,50.26087,-112.31952,,,AB
452S,B.F.GOODRICHFORTSASKATCHEWAN,55-21-W 4,55,21,4,53.73913,-112.71715,,,AB
454S,BUCKLAKE,47-6-W 5,47,6,5,53.04348,-114.72899,,,AB
477S,WESTPEMBINA,47-14-W 5,47,14,5,53.04348,-115.78934,,,AB
478S,TUCUMAN,42-9-W 4,42,9,4,52.6087,-111.12662,,,AB
482S,HAYNES,39-25-W 4,39,25,4,52.34783,-113.24732,,,AB
484S,MILLARWESTERN,59-12-W 5,59,12,5,54.08696,-115.52425,,,AB
485S,BLACKSPRINGRIDGE,14-22-W 4,14,22,4,50.17391,-112.84969,,,AB
489S,PETRO-CANADABRAZEAURIVER,48-12-W 5,48,12,5,53.13043,-115.52425,,,AB
492S,MONARCH,10-22-W 4,10,22,4,49.82609,-112.84969,,,AB
498S,TILLEY,18-12-W 4,18,12,4,50.52174,-111.52425,,,AB
500S,FLATBUSH,66-1-W 5,66,1,5,54.69565,-114.06627,,,AB
502S,SHELLWATERTON,4-1-W 5,4,1,5,49.30435,-114.06627,,,AB
504S,QUEENSTOWN,19-22-W 4,19,22,4,50.6087,-112.84969,,,AB
508S,LAKESEND,38-8-W 4,38,8,4,52.26087,-110.99408,,,AB
510S,SUNNYBROOK,50-3-W 5,50,3,5,53.30435,-114.33136,,,AB
511S,CROSSINGS,23-27-W 4,23,27,4,50.95652,-113.51241,,,AB
512S,HARTELL,19-2-W 5,19,2,5,50.6087,-114.19882,,,AB
513S,LUNDBRECK,9-1-W 5,9,1,5,49.73913,-114.06627,,,AB
515S,JUDYCREEK,63-10-W 5,63,10,5,54.43478,-115.25917,,,AB
516S,FORTYMILE,10-9-W 4,10,9,4,49.82609,-111.12662,,,AB
520S,BENNETT,23-27-W 4,23,27,4,50.95652,-113.51241,,,AB
522S,COOKINGLAKE,51-21-W 4,51,21,4,53.3690797,-113.0977387,,,AB
523S,BULLSHEAD,12-6-W 4,12,6,4,50,-110.72899,,,AB
525S,CARSELAND,22-26-W 4,22,26,4,50.86957,-113.37987,,,AB
526S,BUFFALOCREEK,48-9-W 4,48,9,4,53.13043,-111.12662,,,AB
527S,COALVALLEY,47-19-W 5,47,19,5,53.04348,-116.45206,,,AB
528S,BLUETRAIL,8-26-W 4,8,26,4,49.65217,-113.37987,,,AB
531S,SCHRADERCREEK,34-5-W 5,34,5,5,51.91304,-114.59645,,,AB
534S,ECKVILLE,39-3-W 5,39,3,5,52.34783,-114.33136,,,AB
535S,JOFFRE,38-25-W 4,38,25,4,52.26087,-113.24732,,,AB
536S,BROOKFIELD,38-25-W 4,38,25,4,52.26087,-113.24732,,,AB
538S,BUFORD,49-27-W 4,49,27,4,53.21739,-113.51241,,,AB
539S,SUNDAYCREEK,76-6-W 4,76,6,4,55.56522,-110.72899,,,AB
542S,ERVICK,46-21-W 4,46,21,4,52.95652,-112.71715,,,AB
545S,PROVOST,39-2-W 4,39,2,4,52.34783,-110.19882,,,AB
551S,CHEVRONKAYBOB,59-18-W 5,59,18,5,54.08696,-116.31952,,,AB
553S,VICTORIATRAIL - EPCOR-Victoria,56-22-W 4,56,22,4,53.54847682,-113.4995038,,,AB
554S,TRAVERS,14-20-W 4,14,20,4,50.17391,-112.5846,,,AB
562S,CYPRESS,19-1-W 4,19,1,4,50.6087,-110.06627,,,AB
572S,HIGHLAND,30-16-W 4,30,16,4,51.56522,-112.05443,,,AB
574S,NILREM,42-9-W 4,42,9,4,52.6087,-111.12662,,,AB
575S,SUNDRE,34-5-W 5,34,5,5,51.91304,-114.59645,,,AB
580S,SYLVANLAKE,38-1-W 5,38,1,5,52.26087,-114.06627,,,AB
581S,RICINUS,35-8-W 5,35,8,5,52,-114.99408,,,AB
593S,LAKEVIEW,8-21-W 4,8,21,4,49.65217,-112.71715,,,AB
594S,BATTLESANDS,42-9-W 4,42,9,4,52.6087,-111.12662,,,AB
595S,SPRUCEGROVE,53-26-W 4,53,26,4,53.56522,-113.37987,,,AB
601S,BUFFALOBIRD,27-4-W 4,27,4,4,51.30435,-110.4639,,,AB
602S,COLDCREEK,51-25-W 5,51,25,5,53.3913,-117.24732,,,AB
604S,GRANUM,13-25-W 4,13,25,4,50.08696,-113.24732,,,AB
609S,WHEATLAND,26-19-W 4,26,19,4,51.21739,-112.45206,,,AB
611S,AMBER,16-21-W 4,16,21,4,50.34783,-112.71715,,,AB
615S,HALKIRK,38-15-W 4,38,15,4,52.26087,-111.92188,,,AB
618S,RIVERBEND,8-22-W 4,8,22,4,49.65217,-112.84969,,,AB
620S,GOLDEYE,40-14-W 4,40,14,4,52.43478,-111.78934,,,AB
632S,RUSSELL,6-1-W 5,6,1,5,49.47826,-114.06627,,,AB
634S,RAVENRIVER,35-6-W 5,35,6,5,52,-114.72899,,,AB
635S,NEWROSEVALLEY,51-4-W 5,51,4,5,53.3913,-114.4639,,,AB
638S,JUDYCREEK,63-11-W 5,63,11,5,54.43478,-115.39171,,,AB
641S,PRIMROSEEAST,67-3-W 4,67,3,4,54.78261,-110.33136,,,AB
648S,METISKOW,40-4-W 4,40,4,4,52.43478,-110.4639,,,AB
649S,CHAPPICELAKE,14-4-W 4,14,4,4,50.17391,-110.4639,,,AB
650S,HANSMANLAKE,40-5-W 4,40,5,4,52.43478,-110.59645,,,AB
651S,KIRBY,73-7-W 4,73,7,4,55.30435,-110.86153,,,AB
653S,SUMMIT,28-1-W 5,28,1,5,51.3913,-114.06627,,,AB
656S,CLIPPER,42-9-W 4,42,9,4,52.6087,-111.12662,,,AB
657S,SUMMERSIDE,51-24-W 4,51,24,4,53.3913,-113.11478,,,AB
658S,CHARD,78-9-W 4,78,9,4,55.73913,-111.12662,,,AB
659S,PEGASUSLAKE,61-12-W 5,61,12,5,54.26087,-115.52425,,,AB
661S,LAURALAKE,61-12-W 5,61,12,5,54.26087,-115.52425,,,AB
662S,HILDA,18-1-W 4,18,1,4,50.52174,-110.06627,,,AB
672S,CENTRALUTILITIESBLOCK,55-22-W 4,55,22,4,53.73913,-112.84969,,,AB
674S,BOWRON,8-22-W 4,8,22,4,49.65217,-112.84969,,,AB
678S,OKOTOKS,20-29-W 4,20,29,4,50.69565,-113.7775,,,AB
679S,BEARCREEK,70-5-W 6,70,5,6,55.04348,-118.59645,,,AB
681S,BANNERMAN,56-21-W 4,56,21,4,53.82609,-112.71715,,,AB
698S,JACKFISH,75-6-W 4,75,6,4,55.47826,-110.72899,,,AB
700S,BONNYVILLE,61-6-W 4,61,6,4,54.26087,-110.72899,,,AB
701S,BLUERIDGELUMBER,59-10-W 5,59,10,5,54.08696,-115.25917,,,AB
705S,KITSCOTY,51-3-W 4,51,3,4,53.3913,-110.33136,,,AB
706S,IRISHCREEK,55-6-W 4,55,6,4,53.73913,-110.72899,,,AB
707S,ST.PAUL,58-9-W 4,58,9,4,54,-111.12662,,,AB
708S,GRIZZLYBEARCREEK,49-8-W 4,49,8,4,53.21739,-110.99408,,,AB
709S,VEGREVILLE,52-14-W 4,52,14,4,53.47826,-111.78934,,,AB
710S,VERMILION,50-6-W 4,50,6,4,53.30435,-110.72899,,,AB
715S,LEMINGLAKE,65-4-W 4,65,4,4,54.59914,-110.42758,,,AB
716S,LLOYDMINSTER,49-1-W 4,49,1,4,53.21739,-110.06627,,,AB
717S,ETHELLAKE,64-3-W 4,64,3,4,54.52174,-110.33136,,,AB
718S,PARSONSCREEK,90-9-W 4,90,9,4,56.78261,-111.12662,,,AB
719S,RATTLESNAKERIDGE,10-8-W 4,10,8,4,49.82609,-110.99408,,,AB
720S,WABASCA,80-25-W 4,80,25,4,55.91304,-113.24732,,,AB
721S,LACOREY,63-5-W 4,63,5,4,54.43478,-110.59645,,,AB
722S,CRYSTALLAKE,71-5-W 6,71,5,6,55.13043,-118.59645,,,AB
723S,CHRISTINALAKE,76-6-W 4,76,6,4,55.56522,-110.72899,,,AB
724S,HINESCREEK,84-4-W 6,84,4,6,56.26087,-118.4639,,,AB
725S,GOOSERIVER,66-18-W 5,66,18,5,54.69565,-116.31952,,,AB
727S,KINUSO,73-9-W 5,73,9,5,55.30435,-115.12662,,,AB
728S,MERCERHILL,73-5-W 6,73,5,6,55.30435,-118.59645,,,AB
729S,OTAUWAU,72-4-W 5,72,4,5,55.21739,-114.4639,,,AB
730S,RYCROFT,78-5-W 6,78,5,6,55.73913,-118.59645,,,AB
731S,ELMWORTH,70-11-W 6,70,11,6,55.04348,-119.39171,,,AB
732S,MITSUE,72-4-W 5,72,4,5,55.21739,-114.4639,,,AB
733S,SIMONETTE,63-25-W 5,63,25,5,54.43478,-117.24732,,,AB
734S,STURGEON,69-21-W 5,69,21,5,54.95652,-116.71715,,,AB
735S,SWANRIVER,68-9-W 5,68,9,5,54.86957,-115.12662,,,AB
737S,HORSESHOE,92-10-W 4,92,10,4,56.95652,-111.25917,,,AB
738S,VIRGINIAHILLS,65-13-W 5,65,13,5,54.6087,-115.6568,,,AB
739S,EDITHLAKE,67-10-W 5,67,10,5,54.78261,-115.25917,,,AB
740S,H.R.MILNER,58-8-W 6,58,8,6,54,-118.99408,,,AB
741S,FOXCREEK,62-19-W 5,62,19,5,54.34783,-116.45206,,,AB
742S,FREEMANLAKE,66-11-W 5,66,11,5,54.69565,-115.39171,,,AB
743S,SARAHLAKE,64-11-W 5,64,11,5,54.52174,-115.39171,,,AB
745S,SLAVELAKE,72-6-W 5,72,6,5,55.21739,-114.72899,,,AB
746S,SHERWOODPARK,53-23-W 4,53,23,4,53.56522,-112.98223,,,AB
747S,BASSETT,106-4-W 6,106,4,6,58.17391,-118.4639,,,AB
748S,HAIGRIVER,104-3-W 6,104,3,6,58,-118.33136,,,AB
749S,FLYINGSHOTLAKE,71-6-W 6,71,6,6,55.13043,-118.72899,,,AB
751S,HILL,50-1-W 4,50,1,4,53.30435,-110.06627,,,AB
752S,ALBRIGHT&WILSON,70-5-W 6,70,5,6,55.04348,-118.59645,,,AB
754S,KSITUANRIVER,78-10-W 6,78,10,6,55.73913,-119.25917,,,AB
755S,CORDEL,40-15-W 4,40,15,4,52.43478,-111.92188,,,AB
756S,BIGFOOT,40-15-W 4,40,15,4,52.43478,-111.92188,,,AB
757S,BATTLERIVER,40-15-W 4,40,15,4,52.43478,-111.92188,,,AB
758S,CG&E,70-6-W 6,70,6,6,55.04348,-118.72899,,,AB
759S,CASTOR,37-14-W 4,37,14,4,52.17391,-111.78934,,,AB
762S,CONKLIN,77-5-W 4,77,5,4,55.65217,-110.59645,,,AB
763S,HANNA,31-14-W 4,31,14,4,51.65217,-111.78934,,,AB
764S,HEISLER,42-15-W 4,42,15,4,52.6087,-111.92188,,,AB
765S,MANNIXMINE,40-15-W 4,40,15,4,52.43478,-111.92188,,,AB
766S,NEVIS,39-21-W 4,39,21,4,52.34783,-112.71715,,,AB
767S,OYEN,28-4-W 4,28,4,4,51.3913,-110.4639,,,AB
768S,ROWLEY,32-20-W 4,32,20,4,51.73913,-112.5846,,,AB
769S,STETTLER,38-19-W 4,38,19,4,52.26087,-112.45206,,,AB
770S,THREEHILLS,32-23-W 4,32,23,4,51.73913,-112.98223,,,AB
771S,VETERAN,35-8-W 4,35,8,4,52,-110.99408,,,AB
772S,YOUNGSTOWN,29-9-W 4,29,9,4,51.47826,-111.12662,,,AB
773S,CORONATION,36-11-W 4,36,11,4,52.08696,-111.39171,,,AB
774S,MONITOR,35-5-W 4,35,5,4,52,-110.59645,,,AB
775S,SULLIVANLAKE,35-13-W 4,35,13,4,52,-111.6568,,,AB
776S,RICHDALE,30-12-W 4,30,12,4,51.56522,-111.52425,,,AB
777S,VILNA,59-13-W 4,59,13,4,54.08696,-111.6568,,,AB
778S,BIGVALLEY,36-19-W 4,36,19,4,52.08696,-112.45206,,,AB
779S,CHINCHAGARIVER,103-2-W 6,103,2,6,57.91304,-118.19882,,,AB
780S,LUBICON,83-11-W 5,83,11,5,56.17391,-115.39171,,,AB
782S,ASTORIARIVER,44-1-W 6,44,1,6,52.78261,-118.06627,,,AB
783S,CADOTTERIVER,91-16-W 5,91,16,5,56.86957,-116.05443,,,AB
784S,DONNELLY,77-21-W 5,77,21,5,55.65217,-116.71715,,,AB
785S,JUDYCREEKGASPLANT,64-11-W 5,64,11,5,54.52174,-115.39171,,,AB
786S,HIGHLEVEL,109-19-W 5,109,19,5,58.43478,-116.45206,,,AB
787S,HIGHPRAIRIE,74-17-W 5,74,17,5,55.3913,-116.18697,,,AB
788S,HOTCHKISS,93-23-W 5,93,23,5,57.04348,-116.98223,,,AB
789S,KEGRIVER,101-23-W 5,101,23,5,57.73913,-116.98223,,,AB
790S,POPLARHILL,73-8-W 6,73,8,6,55.30435,-118.99408,,,AB
791S,RAINBOWLAKE,109-8-W 6,109,8,6,58.43478,-118.99408,,,AB
793S,WESTPEACE,83-22-W 5,83,22,5,56.17391,-116.84969,,,AB
794S,VALLEYVIEW,70-22-W 5,70,22,5,55.04348,-116.84969,,,AB
795S,ZAMA,116-5-W 6,116,5,6,59.04577913,-118.5959049,,,AB
796S,NIPISI,80-8-W 5,80,8,5,55.91304,-114.99408,,,AB
797S,KEMPRIVER,99-22-W 5,99,22,5,57.56522,-116.84969,,,AB
798S,BRIDGECREEK,70-5-W 6,70,5,6,55.04348,-118.59645,,,AB
799S,COLEMAN,8-7-W 5,8,7,5,49.65217,-114.86153,,,AB
800S,FRIEDENSTAL,81-3-W 6,81,3,6,56,-118.33136,,,AB
801S,ANDERSON,28-13-W 4,28,13,4,51.3913,-111.6568,,,AB
802S,MICHICHICREEK,29-20-W 4,29,20,4,51.47826,-112.5846,,,AB
803S,BULLPOUND,25-16-W 4,25,16,4,51.13043,-112.05443,,,AB
804S,WINTERINGHILLS,26-19-W 4,26,19,4,51.21739,-112.45206,,,AB
805S,JASPER,53-25-W 4,53,25,4,53.56522,-113.24732,,,AB
806S,OLDMANRIVER,7-29-W 4,7,29,4,49.56522,-113.7775,,,AB
807S,SHEERNESS,28-13-W 4,28,13,4,51.3913,-111.6568,,,AB
808S,PROCTER&GAMBLE,70-5-W 6,70,5,6,55.04348,-118.59645,,,AB
809S,LOUISECREEK,64-11-W 5,64,11,5,54.52174,-115.39171,,,AB
810S,DOMECUTBANK,62-6-W 6,62,6,6,54.34783,-118.72899,,,AB
811S,CLAIRMONTLAKE,72-5-W 6,72,5,6,55.21739,-118.59645,,,AB
812S,NORCEN,87-13-W 5,87,13,5,56.52174,-115.6568,,,AB
813S,LITTLESMOKY,69-21-W 5,69,21,5,54.95652,-116.71715,,,AB
815S,GOODFARE,72-11-W 6,72,11,6,55.21739,-119.39171,,,AB
818S,WINEFRED,73-7-W 4,73,7,4,55.30435,-110.86153,,,AB
819S,WHITBYLAKE,60-13-W 4,60,13,4,54.17391,-111.6568,,,AB
820S,HANGINGSTONE,88-9-W 4,88,9,4,56.6087,-111.12662,,,AB
821S,SUNDANCE,52-4-W 5,52,4,5,53.47826,-114.4639,,,AB
822S,WOLFLAKE,66-5-W 4,66,5,4,54.69565,-110.59645,,,AB
823S,WAPITI,69-8-W 6,69,8,6,54.95652,-118.99408,,,AB
824S,FIELDGATE,64-10-W 5,64,10,5,54.52174,-115.25917,,,AB
825S,WHITEFISHLAKE,62-12-W 4,62,12,4,54.34783,-111.52425,,,AB
826S,MARGUERITELAKE,64-6-W 4,64,6,4,54.52174,-110.72899,,,AB
827S,CRANBERRYLAKE,84-9-W 5,84,9,5,56.26087,-115.12662,,,AB
828S,SULPHURPOINT,110-6-W 6,110,6,6,58.52174,-118.72899,,,AB
829S,BOUCHERCREEK,81-4-W 6,81,4,6,56,-118.4639,,,AB
830S,CARMON,85-18-W 5,85,18,5,56.34783,-116.31952,,,AB
832S,BLUMENORT,108-14-W 5,108,14,5,58.34783,-115.78934,,,AB
833S,MARIANA,80-13-W 4,80,13,4,55.91304,-111.6568,,,AB
834S,WESLEYCREEK,84-19-W 5,84,19,5,56.26087,-116.45206,,,AB
836S,STEEPBANK,92-10-W 4,92,10,4,56.95652,-111.25917,,,AB
837S,MAHIHKAN,65-4-W 4,65,4,4,54.63423,-110.55125,,,AB
838S,HORIZONMINING,96-12-W 4,96,12,4,57.30435,-111.52425,,,AB
839S,DAISHOWA,85-21-W 5,85,21,5,56.34783,-116.71715,,,AB
840S,MCNEILLSTATION,19-1-W 4,19,1,4,50.6087,-110.06627,,,AB
841S,LONGLAKE,85-6-W 4,85,6,4,56.34783,-110.72899,,,AB
842S,HORIZONUPGRADING,96-11-W 4,96,11,4,57.30435,-111.39171,,,AB
843S,BIGKNIFECREEK,40-15-W 4,40,15,4,52.43478,-111.92188,,,AB
844S,A.E.C.MILL,72-4-W 5,72,4,5,55.21739,-114.4639,,,AB
845S,BIGMOUNTAIN,70-5-W 6,70,5,6,55.04348,-118.59645,,,AB
846S,GRANDCENTRE,62-2-W 4,62,2,4,54.34783,-110.19882,,,AB
847S,MUSKEGRIVER,95-10-W 4,95,10,4,57.21739,-111.25917,,,AB
848S,RUTHLAKE,92-10-W 4,92,10,4,56.95652,-111.25917,,,AB
849S,JOSLYN,96-12-W 4,96,12,4,57.30435,-111.52425,,,AB
850S,RAINBOWCOGEN,109-8-W 6,109,8,6,58.44875126,-119.2389598,,,AB
851S,MORSERIVER,64-11-W 5,64,11,5,54.52174,-115.39171,,,AB
852S,ROUNDHILL,73-13-W 4,73,13,4,55.30435,-111.6568,,,AB
853S,RINGCREEK,101-13-W 6,101,13,6,57.73913,-119.6568,,,AB
854S,SWANDIVE,67-10-W 5,67,10,5,54.78261,-115.25917,,,AB
855S,HAMBURG,96-11-W 6,96,11,6,57.30435,-119.39171,,,AB
856S,KINOSIS,84-6-W 4,84,6,4,56.26087,-110.72899,,,AB
857S,KAKWARIDGE,59-7-W 6,59,7,6,54.08696,-118.86153,,,AB
858S,NARROWSCREEK,76-7-W 5,76,7,5,55.56522,-114.86153,,,AB
859S,PRIMROSE,67-4-W 4,67,4,4,54.78261,-110.4639,,,AB
860S,CROW,78-15-W 4,78,15,4,55.73913,-111.92188,,,AB
861S,EUREKARIVER,86-7-W 6,86,7,6,56.43478,-118.86153,,,AB
862S,SOUTHBEZANSON,72-3-W 6,72,3,6,55.21739,-118.33136,,,AB
863S,PAINTEARTHCREEK,40-13-W 4,40,13,4,52.43478,-111.6568,,,AB
864S,LONGLAKECOGEN,85-6-W 4,85,6,4,56.34783,-110.72899,,,AB
865S,SADDLEHILLS,74-7-W 6,74,7,6,55.3913,-118.86153,,,AB
866S,SUNDANCEMAKE-UP,51-3-W 5,51,3,5,53.3913,-114.33136,,,AB
867S,SUNDANCEBLOW-DOWN,52-4-W 5,52,4,5,53.47826,-114.4639,,,AB
868S,KEEPHILLSMAKE-UP,51-3-W 5,51,3,5,53.3913,-114.33136,,,AB
869S,SEALLAKE,84-14-W 5,84,14,5,56.26087,-115.78934,,,AB
873S,MARIONLAKE,38-17-W 4,38,17,4,52.26087,-112.18697,,,AB
874S,MACKAYRIVER,93-12-W 4,93,12,4,57.04348,-111.52425,,,AB
875S,ALGAR,84-11-W 4,84,11,4,56.26087,-111.39171,,,AB
876S,BRINTNELL,82-23-W 4,82,23,4,56.08696,-112.98223,,,AB
878S,KIDNEYLAKE,91-6-W 5,91,6,5,56.86957,-114.72899,,,AB
879S,SCOTFORDUPGRADER,55-21-W 4,55,21,4,53.73913,-112.71715,,,AB
880S,BRIKER,47-3-W 4,47,3,4,53.04348,-110.33136,,,AB
881S,STURGEON2,69-21-W 5,69,21,5,54.95652,-116.71715,,,AB
882S,TRIANGLE,74-18-W 5,74,18,5,55.3913,-116.31952,,,AB
883S,GREGOIRE,86-9-W 4,86,9,4,56.43478,-111.12662,,,AB
885S,MCMILLAN,78-15-W 4,78,15,4,55.73913,-111.92188,,,AB
886S,UPDIKE,74-12-W 6,74,12,6,55.3913,-119.52425,,,AB
887S,MOBILOILCARSONCREEK,61-12-W 5,61,12,5,54.26087,-115.52425,,,AB
888S,DOVER,92-12-W 4,92,12,4,56.95652,-111.52425,,,AB
889S,MAHKESES,64-3-W 4,64,3,4,54.52174,-110.33136,,,AB
890S,MELITO,109-20-W 5,109,20,5,58.43478,-116.5846,,,AB
892S,RIBSTONECREEK,37-9-W 4,37,9,4,52.17391,-111.12662,,,AB
893S,CAVENDISH,21-2-W 4,21,2,4,50.78261,-110.19882,,,AB
895S,SUFFIELD,15-9-W 4,15,9,4,50.26087,-111.12662,,,AB
898S,HEARTLAKE,70-11-W 4,70,11,4,55.04348,-111.39171,,,AB
899S,EDGERTON,44-4-W 4,44,4,4,52.78261,-110.4639,,,AB
903S,LOYALIST,34-5-W 4,34,5,4,51.91304,-110.59645,,,AB
905S,MEIKLE,93-23-W 5,93,23,5,57.04348,-116.98223,,,AB
906S,ROSSCREEK,55-22-W 4,55,22,4,53.73913,-112.84969,,,AB
907S,WADDEL,79-10-W 4,79,10,4,55.82609,-111.25917,,,AB
909S,MAHNO,66-4-W 4,66,4,4,54.69565,-110.4639,,,AB
910S,EXCEL,28-4-W 4,28,4,4,51.3913,-110.4639,,,AB
914S,BINDLOSS,22-3-W 4,22,3,4,50.86957,-110.33136,,,AB
917S,HORSERIVER,82-12-W 4,82,12,4,56.08696,-111.52425,,,AB
918S,BAUER,49-8-W 4,49,8,4,53.21739,-110.99408,,,AB
919S,HARTLY,95-10-W 4,95,10,4,57.21739,-111.25917,,,AB
920S,JACKPINE,95-9-W 4,95,9,4,57.21739,-111.12662,,,AB
925S,GREENSTOCKING,95-7-W 4,95,7,4,57.21739,-110.86153,,,AB
927S,BUCHANANCREEK,91-23-W 5,91,23,5,56.86957,-116.98223,,,AB
928S,EASTSTAVELY,14-25-W 4,14,25,4,50.17391,-113.24732,,,AB
930S,ARCENCIEL,108-8-W 6,108,8,6,58.41535759,-119.2893759,,,AB
931S,BOHN,79-6-W 4,79,6,4,55.82609,-110.72899,,,AB
932S,PEMUKAN,35-5-W 4,35,5,4,52,-110.59645,,,AB
933S,TOWERROAD,89-10-W 4,89,10,4,56.69565,-111.25917,,,AB
934S,BLACKFLY,94-7-W 4,94,7,4,57.13043,-110.86153,,,AB
936S,NORBERG,61-10-W 4,61,10,4,54.26087,-111.25917,,,AB
937S,AMR02,90-14-W 4,90,14,4,56.78261,-111.78934,,,AB
939S,LIVOCK,85-19-W 4,85,19,4,56.34783,-112.45206,,,AB
940S,BEARTRAP,60-4-W 4,60,4,4,54.17391,-110.4639,,,AB
941S,BITUMOUNT,96-11-W 4,96,11,4,57.30435,-111.39171,,,AB
942S,NABIYE,66-3-W 4,66,3,4,54.69565,-110.33136,,,AB
944S,LOWELAKE,73-8-W 6,73,8,6,55.30435,-118.99408,,,AB
945S,SUNSHINEVILLAGE,25-13-W 5,25,13,5,51.13043,-115.6568,,,AB
946S,OAKLAND,27-13-W 4,27,13,4,51.30435,-111.6568,,,AB
947S,WEASELCREEK,59-19-W 4,59,19,4,54.08696,-112.45206,,,AB
948S,HEATBURG,36-23-W 4,36,23,4,52.08696,-112.98223,,,AB
950S,GERMAIN,85-22-W 4,85,22,4,56.34783,-112.84969,,,AB
951S,THICKWOODHILLS,89-11-W 4,89,11,4,56.69565,-111.39171,,,AB
953S,LAKELOUISE,28-16-W 5,28,16,5,51.3913,-116.05443,,,AB
956S,WATTLAKE,56-13-W 4,56,13,4,53.82609,-111.6568,,,AB
957S,MCCLELLAND,97-7-W 4,97,7,4,57.3913,-110.86153,,,AB
958S,WESTLACOMBE,41-27-W 4,41,27,4,52.52174,-113.51241,,,AB
959S,LANFINE,28-4-W 4,28,4,4,51.3913,-110.4639,,,AB
960S,BIRCHWOODCREEK,89-14-W 4,89,14,4,56.69565,-111.78934,,,AB
963S,COYOTELAKE,28-16-W 4,28,16,4,51.3913,-112.05443,,,AB
964S,PIGEONLAKE,46-27-W 4,46,27,4,52.95652,-113.51241,,,AB
967S,REDCOAT,7-18-W 4,7,18,4,49.56522,-112.31952,,,AB
969S,LINDBERGH,58-4-W 4,58,4,4,54,-110.4639,,,AB
970S,BOURQUE,65-4-W 4,65,4,4,54.6087,-110.4639,,,AB
972S,TINCHEBRAY,39-15-W 4,39,15,4,52.34783,-111.92188,,,AB
973S,LANESLAKE,37-15-W 4,37,15,4,52.17391,-111.92188,,,AB
975S,DALEHURST,52-23-W 5,52,23,5,53.47826,-116.98223,,,AB
977S,SALTCREEK,87-9-W 4,87,9,4,56.52174,-111.12662,,,AB
981S,BADLANDS,26-18-W 4,26,18,4,51.21739,-112.31952,,,AB
983S,CADOMIN,47-23-W 5,47,23,5,53.04348,-116.98223,,,AB
985S,EXSHAW,24-9-W 5,24,9,5,51.04348,-115.12662,,,AB
987S,CLOVERBAR,53-23-W 4,53,23,4,53.56522,-112.98223,,,AB
989S,QUIGLEY,83-6-W 4,83,6,4,56.17391,-110.72899,,,AB
991S,LITTLEBOW,15-21-W 4,15,21,4,50.26087,-112.71715,,,AB
993S,ABEE,61-19-W 4,61,19,4,54.26087,-112.45206,,,AB
995S,RANGELANDYARROW,4-29-W 4,4,29,4,49.30435,-113.7775,,,AB
996S,IMPERIALOILCARSONLAKE,61-12-W 5,61,12,5,54.26087,-115.52425,,,AB
1004S,BULLSEYE,25-2-W 4,25,2,4,51.13043,-110.19882,,,AB
1012S,DEERHILL,55-18-W 5,55,18,5,53.73913,-116.31952,,,AB
1018S,SHAMROCK,8-10-W 4,8,10,4,49.65217,-111.25917,,,AB
1019S,WOOLCHESTER,10-4-W 4,10,4,4,49.82609,-110.4639,,,AB
1024S,GRANLEA,8-9-W 4,8,9,4,49.65217,-111.12662,,,AB
1029S,VISTA,50-23-W 5,50,23,5,53.30435,-116.98223,,,AB
1034S,MARGIE,74-8-W 4,74,8,4,55.3913,-110.99408,,,AB
1039S,WHEATCREST,15-18-W 4,15,18,4,50.26087,-112.31952,,,AB
1045S,GARDENPLAIN,35-13-W 4,35,13,4,52,-111.6568,,,AB
1047S,WHISKYJACK,52-18-W 5,52,18,5,53.47826,-116.31952,,,AB
1054S,HOLSOM,11-8-W 4,11,8,4,49.91304,-110.99408,,,AB
1055S,SOLLAIR,27-29-W 4,27,29,4,51.30435,-113.7775,,,AB
1063S,WINDRISE,6-26-W 4,6,26,4,49.47826,-113.37987,,,AB
1200S,FOSTERCREEK,70-4-W 4,70,4,4,55.04348,-110.4639,,,AB
2005S,SECORD,97-10-W 4,97,10,4,57.3913,-111.25917,,,AB
2009S,WILLOWLAKE,86-10-W 4,86,10,4,56.43478,-111.25917,,,AB
2011S,DAWES,84-11-W 4,84,11,4,56.26087,-111.39171,,,AB
2014S,HALFWAY,88-9-W 4,88,9,4,56.6087,-111.12662,,,AB
2015S,YEO,89-14-W 4,89,14,4,56.69565,-111.78934,,,AB
2018S,MUIR,62-20-W 5,62,20,5,54.34783,-116.5846,,,AB
2029S,HEATHFIELD,56-22-W 4,56,22,4,53.82609,-112.84969,,,AB
2032S,SWEETHEARTLAKE,84-11-W 4,84,11,4,56.26087,-111.39171,,,AB
2033S,MOWAT,78-7-W 6,78,7,6,55.73913,-118.86153,,,AB
2037S,HURD,29-9-W 4,29,9,4,51.47826,-111.12662,,,AB
2043S,FREER,80-13-W 4,80,13,4,55.91304,-111.6568,,,AB
2049S,KETTLERIVER,80-6-W 4,80,6,4,55.91304,-110.72899,,,AB
2060S,ENGSTROM,83-6-W 4,83,6,4,56.17391,-110.72899,,,AB
2075S,NEWELL,18-15-W 4,18,15,4,50.52174,-111.92188,,,AB
2081S,MEADOWCREEK,84-6-W 4,84,6,4,56.26087,-110.72899,,,AB
2082S,DOGRIB,91-10-W 4,91,10,4,56.86957,-111.25917,,,AB
2085S,SHERIDAN,46-1-W 6,46,1,6,52.95652,-118.06627,,,AB
2091S,THORNTON,63-5-W 6,63,5,6,54.43478,-118.59645,,,AB
2739S,WABAMUN,53-4-W 5,53,4,5,53.56522,-114.4639,,,AB
6500S,TRUWELDGRATING,46-24-W 4,46,24,4,52.95652,-113.11478,,,AB
9900S,KEARL,97-7-W 4,97,7,4,57.3913,-110.86153,,,AB
29EDD-0020,29EDD-0020,92-10-W 4,92,10,4,56.95652,-111.25917,,,AB
29EDD-0056,29EDD-0056,92-9-W 4,92,9,4,56.95652,-111.12662,,,AB
29EDD-1,MILLENIUM29EDD-1,92-10-W 4,92,10,4,56.95652,-111.25917,,,AB
29EDD-10,29EDD-10,91-9-W 4,91,9,4,56.86957,-111.12662,,,AB
29EDD-18,FIREBAG,95-6-W 4,95,6,4,57.21739,-110.72899,,,AB
29EDD-19,29EDD-19,91-9-W 4,91,9,4,56.86957,-111.12662,,,AB
29EDD-2,29-EDD-2,92-10-W 4,92,10,4,56.95652,-111.25917,,,AB
29-EDD-22,29-EDD-22,92-10-W 4,92,10,4,56.95652,-111.25917,,,AB
29EDD-27,29EDD-27,91-9-W 4,91,9,4,56.86957,-111.12662,,,AB
29EDD-3,29EDD-3,92-10-W 4,92,10,4,56.95652,-111.25917,,,AB
29EDD-31,29EDD-31,91-9-W 4,91,9,4,56.86957,-111.12662,,,AB
29EDD-32,29EDD-32,92-10-W 4,92,10,4,56.95652,-111.25917,,,AB
29EDD-33,29EDD-33,91-9-W 4,91,9,4,56.86957,-111.12662,,,AB
29EDD-46,29EDD-46,91-9-W 4,91,9,4,56.86957,-111.12662,,,AB
29EDD-5,29EDD-5,92-10-W 4,92,10,4,56.95652,-111.25917,,,AB
29EDD-55,29EDD-55,92-10-W 4,92,10,4,56.95652,-111.25917,,,AB
29EDD-60,INGLISISLAND,92-10-W 4,92,10,4,56.95652,-111.25917,,,AB
29EDD-61,STONEYISLAND,92-10-W 4,92,10,4,56.95652,-111.25917,,,AB
29EDD-62,29EDD-62,91-9-W 4,91,9,4,56.86957,-111.12662,,,AB
29EDD-64,29EDD-64,91-9-W 4,91,9,4,56.86957,-111.12662,,,AB
29EDD-65,29EDD-65,95-6-W 4,95,6,4,57.21739,-110.72899,,,AB
29EDD-67,29EDD-67,92-9-W 4,92,9,4,56.95652,-111.12662,,,AB
29EDD-7,29EDD-7,92-9-W 4,92,9,4,56.95652,-111.12662,,,AB
29EDD-71,29EDD-71,95-6-W 4,95,6,4,57.21739,-110.72899,,,AB
29EDD-8,29EDD-8,92-9-W 4,92,9,4,56.95652,-111.12662,,,AB
29EDD-83,29EDD-83,91-9-W 4,91,9,4,56.86957,-111.12662,,,AB
29EDD-84,29EDD-84,91-9-W 4,91,9,4,56.86957,-111.12662,,,AB
29EDD-9,29EDD-9,92-9-W 4,92,9,4,56.95652,-111.12662,,,AB
29EDD-93,29EDD-93,92-9-W 4,92,9,4,56.95652,-111.12662,,,AB
635EDD-1000,FORTHILLS,97-10-W 4,97,10,4,57.3913,-111.25917,,,AB
635EDD-1001,FORTHILLSCENTRAL,97-10-W 4,97,10,4,57.3913,-111.25917,,,AB
635EDD-1002,FORTHILLSCOGEN1,97-10-W 4,97,10,4,57.3913,-111.25917,,,AB
635EDD-1003,FORTHILLSCOGEN2,97-10-W 4,97,10,4,57.3913,-111.25917,,,AB
635EDD-1004,FORTHILLSOPP,97-10-W 4,97,10,4,57.3913,-111.25917,,,AB
Argyll T ransfer S tation,ARGYLL,52-24-W 4,52,24,4,53.47826,-113.11478,,,AB
AT Plastics 4R S,ATPLASTIC4RS,52-24-W 4,52,24,4,53.47826,-113.11478,,,AB
AT Plastics 5R S,ATPLASTIC5RS,52-24-W 4,52,24,4,53.47826,-113.11478,,,AB
Aurora,AURORA,96-10-W 4,96,10,4,57.30435,-111.25917,,,AB
BALZAC-COGEN,BALZACCO-GEN,26-29-W 4,26,29,4,51.21739,-113.7775,,,AB
Bellamy,BELLAMY,52-24-W 4,52,24,4,53.47826,-113.11478,,,AB
BELLY,BELLAMYRIVERCHUTEHYDRO,4-27-W 4,4,27,4,49.30435,-113.51241,,,AB
CANCARB COGEN,CANCARBCOGEN,13-6-W 4,13,6,4,50.08696,-110.72899,,,AB
Castle Downs,CASTLEDOWNS,53-24-W 4,53,24,4,53.56522,-113.11478,,,AB
Cavalier,CAVALIER,23-23-W 4,23,23,4,50.95652,-112.98223,,,AB
CEC,CALGARYENERGYCENTER,25-29-W 4,25,29,4,51.13043,-113.7775,,,AB
CM H Plant,MEDICINEHATPLANT,12-6-W 4,12,6,4,50,-110.72899,,,AB
D05,D05,93-10-W 4,93,10,4,57.04348,-111.25917,,,AB
Dickson,DICKSONDAM,35-2-W 5,35,2,5,52,-114.19882,,,AB
Dome,DOME,52-24-W 4,52,24,4,53.47826,-113.11478,,,AB
East_Industrial,EASTINDUSTRIAL,52-23-W 4,52,23,4,53.47826,-112.98223,,,AB
EDD200,ATHABASCACROSSING,92-9-W 4,92,9,4,56.95652,-111.12662,,,AB
Fiberglas,FIBERGLAS,53-23-W 4,53,23,4,53.56522,-112.98223,,,AB
Garneau,GARNEAU,52-24-W 4,52,24,4,53.47826,-113.11478,,,AB
Hardisty,HARDISTY,53-24-W 4,53,24,4,53.56522,-113.11478,,,AB
Inland Cement,INLANDCEMENT,53-25-W 4,53,25,4,53.56522,-113.24732,,,AB
Kennedale,KENNEDALE,53-24-W 4,53,24,4,53.56522,-113.11478,,,AB
Lambton,LAMBTON,52-24-W 4,52,24,4,53.47826,-113.11478,,,AB
Meadowlark,MEADOWLARK,52-25-W 4,52,25,4,53.47826,-113.24732,,,AB
MHS-2,NORTHINDUSTRIAL,13-6-W 4,13,6,4,50.08696,-110.72899,,,AB
MHS-3,SOUTHRIDGE,12-5-W 4,12,5,4,50,-110.59645,,,AB
MHS-6,RIVERVIEW,12-6-W 4,12,6,4,50,-110.72899,,,AB
MHS-7,BRIERPARK,13-6-W 4,13,6,4,50.08696,-110.72899,,,AB
MHS-8,MHS-8,12-5-W 4,12,5,4,50,-110.59645,,,AB
MHS-9,SOUTHSASKATCHEWAN,12-6-W 4,12,6,4,50,-110.72899,,,AB
MHS-10,MHS-10,13-6-W 4,13,6,4,50.08696,-110.72899,,,AB
MH69S-5,NECRESCENTHEIGHTS,13-5-W 4,13,5,4,50.08696,-110.59645,,,AB
MILDREDLAKE,MILDREDLAKE,92-11-W 4,92,11,4,56.95652,-111.39171,,,AB
Namao,NAMAO,53-24-W 4,53,24,4,53.56522,-113.11478,,,AB
Petrolia,PETROLIA,52-25-W 4,52,25,4,53.47826,-113.24732,,,AB
Poundmaker,POUNDMAKER,53-25-W 4,53,25,4,53.56522,-113.24732,,,AB
R D14S,REDDEERNORTH,38-27-W 4,38,27,4,52.26087,-113.51241,,,AB
R D15S,REDDEERDOWNTOWN,38-27-W 4,38,27,4,52.26087,-113.51241,,,AB
R D17S,REDDEERSOUTHEAST,38-27-W 4,38,27,4,52.26087,-113.51241,,,AB
Riverview,RIVERVIEW,52-25-W 4,52,25,4,53.47826,-113.24732,,,AB
Rossdale,ROSSDALE,52-24-W 4,52,24,4,53.47826,-113.11478,,,AB
S C1,SUNCORBASEPLANT,92-10-W 4,92,10,4,56.95652,-111.25917,,,AB
SS-1,1SUBSTATION,24-1-W 5,24,1,5,51.04348,-114.06627,,,AB
SS-10,10SUBSTATION,23-1-W 5,23,1,5,50.95652,-114.06627,,,AB
SS-11,11SUBSTATION,25-1-W 5,25,1,5,51.13043,-114.06627,,,AB
SS-12,12SUBSTATION,23-1-W 5,23,1,5,50.95652,-114.06627,,,AB
SS-13,13SUBSTATION,24-1-W 5,24,1,5,51.04348,-114.06627,,,AB
SS-14,14SUBSTATION,25-2-W 5,25,2,5,51.13043,-114.19882,,,AB
SS-15,15SUBSTATION,24-2-W 5,24,2,5,51.04348,-114.19882,,,AB
SS-16,16SUBSTATION,25-2-W 5,25,2,5,51.13043,-114.19882,,,AB
SS-162,BEDDINGTON,25-29-W 4,25,29,4,51.13043,-113.7775,,,AB
SS-2,2SUBSTATION,24-1-W 5,24,1,5,51.04348,-114.06627,,,AB
SS-20,20SUBSTATION,24-1-W 5,24,1,5,51.04348,-114.06627,,,AB
SS-21,21SUBSTATION,24-2-W 5,24,2,5,51.04348,-114.19882,,,AB
SS-22,22SUBSTATION,24-1-W 5,24,1,5,51.04348,-114.06627,,,AB
SS-23,23SUBSTATION,24-1-W 5,24,1,5,51.04348,-114.06627,,,AB
SS-24,24SUBSTATION,23-29-W 4,23,29,4,50.95652,-113.7775,,,AB
SS-25,SHEPARD,23-28-W 4,23,28,4,50.95652,-113.64495,,,AB
SS-26,26SUBSTATION,22-29-W 4,22,29,4,50.86957,-113.7775,,,AB
SS-27,27SUBSTATION,24-1-W 5,24,1,5,51.04348,-114.06627,,,AB
SS-28,28SUBSTATION,24-2-W 5,24,2,5,51.04348,-114.19882,,,AB
SS-3,3SUBSTATION,24-1-W 5,24,1,5,51.04348,-114.06627,,,AB
SS-31,31SUBSTATION,23-29-W 4,23,29,4,50.95652,-113.7775,,,AB
SS-32,32SUBSTATION,23-1-W 5,23,1,5,50.95652,-114.06627,,,AB
SS-33,33SUBSTATION,23-1-W 5,23,1,5,50.95652,-114.06627,,,AB
SS-34,34SUBSTATION,24-1-W 5,24,1,5,51.04348,-114.06627,,,AB
SS-35,35SUBSTATION,23-1-W 5,23,1,5,50.95652,-114.06627,,,AB
SS-36,36SUBSTATION,25-2-W 5,25,2,5,51.13043,-114.19882,,,AB
SS-37,37SUBSTATION,24-29-W 4,24,29,4,51.04348,-113.7775,,,AB
SS-38,38SUBSTATION,24-29-W 4,24,29,4,51.04348,-113.7775,,,AB
SS-39,39SUBSTATION,24-29-W 4,24,29,4,51.04348,-113.7775,,,AB
SS-40,40SUBSTATION,22-1-W 5,22,1,5,50.86957,-114.06627,,,AB
SS-41,41SUBSTATION,22-1-W 5,22,1,5,50.86957,-114.06627,,,AB
SS-43,43SUBSTATION,23-1-W 5,23,1,5,50.95652,-114.06627,,,AB
SS-47,47SUBSTATION,25-1-W 5,25,1,5,51.13043,-114.06627,,,AB
SS-5,5SUBSTATION,24-1-W 5,24,1,5,51.04348,-114.06627,,,AB
SS-54,54SUBSTATION,22-29-W 4,22,29,4,50.86957,-113.7775,,,AB
SS-6,6SUBSTATION,22-1-W 5,22,1,5,50.86957,-114.06627,,,AB
SS-65,65SUBSTATION,22-29-W 4,22,29,4,50.86957,-113.7775,,,AB
SS-7,7SUBSTATION,24-2-W 5,24,2,5,51.04348,-114.19882,,,AB
SS-8,8SUBSTATION,24-1-W 5,24,1,5,51.04348,-114.06627,,,AB
SS-9,9SUBSTATION,23-1-W 5,23,1,5,50.95652,-114.06627,,,AB
STMARY,SAINTMARYHYDRO,4-25-W 4,4,25,4,49.30435,-113.24732,,,AB
Strathcona,STRATHCONA,52-24-W 4,52,24,4,53.47826,-113.11478,,,AB
T756S,CASCADECONTROLDAM,26-11-W 5,26,11,5,51.21739,-115.39171,,,AB
T793S,HORSECREEK,26-4-W 5,26,4,5,51.21739,-114.4639,,,AB
TaylorHydroPlant,TAYLORHYDROPLANT,4-22-W 4,4,22,4,49.30435,-112.84969,,,AB
UE-1,PLANT30-2,93-10-W 4,93,10,4,57.04348,-111.25917,,,AB
UNIT 16 CMH GEN,UNIT16CMHGEN,13-6-W 4,13,6,4,50.08696,-110.72899,,,AB
Victoria,VICTORIA,53-24-W 4,53,24,4,53.56522,-113.11478,,,AB
WAP 1S,WESTLOCKALGONQUINPOWER,63-2-W 5,63,2,5,54.43478,-114.19882,,,AB
Woodcroft,WOODCROFT,53-25-W4,53,25,4,53.56522,-113.24732,,,AB
SK1,Meadow Lake Power Station,,,,,54.090427,-108.4266264,41,"SK-4, Meadow Lake No. 588, SK S9X 1B7",SK
SK2,Meridian Cogeneration Station,,,,,53.25985307,-109.951234,228,"Wilton No. 472, SK S9V 1E9",SK
SK3,North Battleford Generating Station,,,,,52.68314616,-108.1717543,289,"Balan Hall Rd. (1 km. east of Brada Rd.)off of Hwy 16, Box 1267, North Battleford, SK S9A 3L8",SK
Sk4,Yellowhead Power Station,,,,,52.72386948,-108.2318003,135,"10 Russet Road, North Battleford, SK S0M 0E0",SK
SK5,Ermine Power Station,,,,,51.85693855,-109.0322368,135,"VX49+P4, Kerrobert, SK S0L 1R0",SK
SK6,Landis Power Station,,,,,52.22462287,-108.4329661,78,"Reford No. 379, SK S0K 2K0",SK
SK7,Cory Cogeneration Station,,,,,52.09307457,-106.849976,234,"Corman Park No. 344, SK S7M 3C8",SK
SK8,Queen Elizabeth Power Station,,,,,52.09429221,-106.7049394,527,"2211 Spadina Crescent W, Saskatoon, SK S7M 5J3",SK
SK9,Spy Hill Generating Station,,,,,50.59911547,-101.8476945,89,"Spy Hill No. 152, SK S0A 1B0",SK
SK10,Chinook Power Station,,,,,50.34241634,-107.9383437,353,"Swift Current No. 137, SK S9H 5J9",SK
SK11,Great Plains Power Station,,,,,50.37273184,-105.49395,377,"Coteau St E, Moose Jaw, SK S6H 5G7",SK
SK12,Wellington Hydroelectric Power Station,,,,,59.62767352,-109.0176621,5,Saskatchewan S0J 2W0,SK
SK13,Waterloo Hydroelectric Power Station,,,,,59.63263913,-109.0551993,8,"Unnamed Road, SK S0J 2W0",SK
SK14,Charlot River Hydroelectric Station,,,,,59.61259118,-109.1141085,10,"593644 Grey Rd 1, Wiarton, ON N0H 2T0",SK
SK15,Island Falls Hydroelectric Station,,,,,55.52893041,-102.3564862,111,"Island Falls, Sandy Bay, SK S0P 0G0",SK
SK16,Nipawin Hydroelectric Station,,,,,53.32117069,-104.0436322,253,"Nipawin, SK S0E 1E0",SK
SK17,E.B. Campbell Hydroelectric Station,,,,,53.68962526,-103.3458978,294,"EB Campbell Hydroelectric Station, SK",SK
SK18,Coteau Creek Hydroelectric Station,,,,,51.27605615,-106.8685919,186,"Cutbank, SK S0L 2E0",SK
SK19,Riverhurst Wind Energy Facility,,,,,50.73598883,-106.9219774,10,P3PH+76J Shooter Hill,SK
SK20,Western Lily Wind Energy Facility,,,,,50.38868168,-103.0387493,20,"SK-47, Summerberry, SK S0G 4W0",SK
SK21,Morse Wind Energy Facility,,,,,50.33448265,-106.9648557,23,"Morse No. 165, SK S0H 3C0",SK
SK22,Red Lily Wind Energy Facility,,,,,50.21287022,-101.7902939,26,"Martin No. 122, SK S0G 3N0",SK
SK23,Centennial Wind Power Facility,,,,,50.16430349,-107.4588884,150,"5G7R+M7, Rosenort, SK S0N 1M0",SK
SK24,Cypress Wind Power Facility (Permanently Closed),,,,,49.78729567,-110.343319,11,"Cypress County, AB T0J 1V0",SK
SK25,Golden South Wind Energy,,,,,49.61021741,-105.9534019,200,"230072 Township Rd 80, Assiniboia, SK S0H 0B0",SK
SK26,Bekevar Wind Power Facility (Permanently Closed),,,,,50.0179794,-102.538262,200,"2F96+4H, Bekevar, SK S0G 2S0",SK
SK27,Highfield Solar Energy Facility,,,,,50.13026891,-107.4336365,10,"Coulee No. 136, SK S0N 1M0",SK
SK28,Pesâkâstêw Solar Energy Facility (Permanently Closed),,,,,49.64321551,-103.915141,10,"J3VM+6Q, Weyburn, SK S4H 2L3",SK
SK29,Awasis Solar Energy Facility,,,,,50.41706254,-104.4629349,10,"CG8P+QR, Regina, SK S4L 1B7",SK
SK30,Poplar River Power Station,,,,,49.05823714,-105.4842956,582,"Hart Butte No. 11, SK S0H 0Z0",SK
SK31,Boundary Dam Power Station,,,,,49.09628702,-103.030748,670,"Unnamed Road, Estevan, SK S4A 0J3",SK
SK32,Shand Power Station,,,,,49.08839374,-102.8642811,276,"Estevan No. 5, SK S0C 0M0",SK
,Buckley Bay Substation,,,,,49.54787683,-124.8786072,,,BC
,Burnett Road Terminal Station,,,,,48.46067225,-123.4437704,,,BC
,Campbell River Substation,,,,,50.02031961,-125.2538388,,,BC
,Colwood Substation,,,,,48.44260731,-123.5101784,,,BC
,Courtenay Substation,,,,,49.71358114,-124.9676455,,,BC
,Esquimalt Substation,,,,,48.43541234,-123.3948498,,,BC
,Forest View Substation,,,,,49.86151735,-124.5328376,,,BC
,Galiano Island DC Cable Terminal Station,,,,,48.9186769,-123.4068107,,,BC
,Galiano Substation,,,,,48.90431,-123.36177,,,BC
,George Tripp Substation,,,,,48.4737275,-123.3608972,,,BC
,Gibsons Substation,,,,,49.40914176,-123.514054,,,BC
,Gold River Substation,,,,,49.78923994,-126.0636479,,,BC
,Goward Substation,,,,,48.490201,-123.4234197,,,BC
,Great Central Lake Substation,,,,,49.3172584,-124.9644361,,,BC
,Grief Point Substation,,,,,49.8053184,-124.5170743,,,BC
,Harewood Substation,,,,,49.1284722,-123.9511441,,,BC
,Harewood West Substation,,,,,49.1224385,-123.970097,,,BC
,Horsey Substation,,,,,48.4424422,-123.3690149,,,BC
,Jeune Landing Substation,,,,,50.4429057,-127.5052581,,,BC
,Keating Substation,,,,,48.5670198,-123.4146246,,,BC
,Keogh Substation,,,,,50.6045265,-127.293941,,,BC
,Koksilah Substation,,,,,48.7617366,-123.7141554,,,BC
,Ladysmith Substation,,,,,48.9831414,-123.8181024,,,BC
,Lake Cowichan Substation,,,,,48.8214051,-124.0610628,,,BC
,Lantzville Substation,,,,,49.2265664,-124.0775514,,,BC
,Long Beach Substation,,,,,48.9965258,-125.58581,,,BC
,Malaspina Substation,,,,,49.6688085,-123.9630406,,,BC
,Nile Creek Cable Terminal Station,,,,,49.4219675,-124.6456544,,,BC
,Northfield Substation,,,,,49.1907744,-124.0000001,,,BC
,Oyster River Substation,,,,,49.902688,-125.2513524,,,BC
,Parker Island DC Cable Terminal Station,,,,,48.8794096,-123.4052325,,,BC
,Parksville Substation,,,,,49.3026124,-124.3226645,,,BC
,Pender Harbour Substation,,,,,49.6400795,-123.9662308,,,BC
,Pike Lake Substation,,,,,48.4910337,-123.4611114,,,BC
,Port McNeill Substation,,,,,50.5725383,-127.0814218,,,BC
,Prevost Substation,,,,,48.8239128,-123.740177,,,BC
,Qualicum Beach Substation,,,,,49.331304,-124.4422057,,,BC
,Sahtlam Substation,,,,,48.8065384,-123.8038684,,,BC
,Saltery Bay Substation,,,,,49.7872197,-124.1798163,,,BC
,Parksville Substation,,,,,49.3026623,-124.3235994,,,BC
,Saltspring Substation,,,,,48.8565979,-123.5184776,,,BC
,Sechelt Substation,,,,,49.4765466,-123.7544996,,,BC
,Shawnigan Lake Substation,,,,,48.8140518,-124.0124581,,,BC
,South Wellington Substation,,,,,49.0778279,-123.9108306,,,BC
,Tahsis Village Substation,,,,,49.9232657,-126.6532086,,,BC
,Texada Island Reactor Station,,,,,49.6157681,-124.3334893,,,BC
,Trincomali DC Cable Terminal Station,,,,,48.8506753,158.5273479,,,BC
,Ash River Generating Station,,,,,49.3733681,-125.1531584,,,BC
,Clowhom Generating Station,,,,,49.7116201,-123.535096,,,BC
,John Hart Generating Station,,,,,50.0306451,-125.3956033,,,BC
,Ladore Generating Station,,,,,50.017459,-125.3944394,,,BC
,Puntledge Substation,,,,,49.6884179,-125.0373548,,,BC
,Strathcona Generating Station,,,,,49.9976574,-125.5887069,,,BC
,American Creek Substation,,,,,49.426272,-121.4622705,,,BC
,Annacis Island Substation,,,,,49.1746368,-122.9387952,,,BC
,Arnott Substation,,,,,49.0917855,-123.0448508,,,BC
,Atchelitz Substation,,,,,49.1137539,-122.010469,,,BC
,Balfour Substation,,,,,49.1041477,-122.5816706,,,BC
,Barnard Substation,,,,,49.2621109,-122.9027999,,,BC
,Big Bend Substation,,,,,49.1987255,-122.9940142,,,BC
,Boston Bar Substation,,,,,49.8619036,-121.4427748,,,BC
,Cambie Substation,,,,,49.1910702,-123.0656772,,,BC
,Camosun Substation,,,,,49.249294,-123.2003049,,,BC
,Canoe Pass DC Cable Terminal Station,,,,,49.0518075,-123.1254203,,,BC
,Cheekye Substation,,,,,49.7898032,-123.1627974,,,BC
,Chevron Substation,,,,,49.2912745,-122.9945646,,,BC
,Chilliwack Substation,,,,,49.1675785,-121.9555607,,,BC
,Clayburn Substation,,,,,49.0683335,-122.2995673,,,BC
,Como Lake Substation,,,,,49.2623495,-122.7991485,,,BC
,Creekside Series Capacitor Station,,,,,50.3543294,-122.7343187,,,BC
,Cypress Substation,,,,,49.3570495,-123.2324141,,,BC
,Deep Cove Substation,,,,,49.3132592,-122.9897417,,,BC
,English Bluff AC Cable Terminal Station,,,,,49.0076151,-123.0922086,,,BC
,Fleetwood Substation,,,,,49.1373313,-122.7917359,,,BC
,Function Junction Substation,,,,,50.090408,-123.037045,,,BC
,George Dickie Substation,,,,,49.2306686,-123.1550591,,,BC
,Glenmore Substation,,,,,49.3599752,-123.1355484,,,BC
,Gloucester Substation,,,,,49.1097752,-122.4699798,,,BC
,Haney Substation,,,,,49.2202145,-122.5553985,,,BC
,Harvie Road Substation,,,,,49.17472,-122.6976374,,,BC
,Hill Avenue Terminal Station,,,,,49.2368445,-122.9322733,,,BC
,Hillcrest Substation,,,,,49.346585,-123.2166655,,,BC
,Hope Substation,,,,,49.3796568,-121.4314874,,,BC
,Horne Payne Substation,,,,,49.2667569,-123.0203359,,,BC
,Horseshoe Bay Substation,,,,,49.3643234,-123.2795907,,,BC
,Ingledow Substation,,,,,49.158775,-122.8809677,,,BC
,Kent Substation,,,,,49.2476484,-121.786109,,,BC
,Kidd #1 Substation,,,,,49.2051844,-123.1190921,,,BC
,Kidd #2 Substation,,,,,49.1980602,-123.1177416,,,BC
,Lions Bay Substation & Cable Terminal,,,,,49.4534928,-123.2403413,,,BC
,Lynn Valley Substation,,,,,49.3281455,-123.0467943,,,BC
,Mainwaring Substation,,,,,49.2267556,-123.0815613,,,BC
,McLellan Substation,,,,,49.0996639,-122.6860635,,,BC
,Meridian Substation,,,,,49.3095226,-122.8087776,,,BC
,Mission Substation,,,,,49.1409584,-122.3193532,,,BC
,Murrin Substation #2,,,,,49.2784704,-123.1044165,,,BC
,New Westminster Substation,,,,,49.221839,-122.9183314,,,BC
,Newell Substation,,,,,49.2177916,-122.9637962,,,BC
,Nicomekl Substation,,,,,49.0603905,-122.8030652,,,BC
,Port Kells Substation,,,,,49.1767018,-122.63296,,,BC
,Richmond Substation,,,,,49.1632335,-123.1305326,,,BC
,Rosedale Substation,,,,,49.1766006,-121.7778944,,,BC
,Scott Substation,,,,,49.2019163,-122.9384045,,,BC
,Sea Island Substation,,,,,49.187188,-123.153805,,,BC
,Sperling Substation,,,,,49.2500152,-123.1551414,,,BC
,Spuzzum Substation,,,,,49.6984042,-121.4125845,,,BC
,Squamish Substation,,,,,49.7020268,-123.1512193,,,BC
,Strawberry Hill Substation,,,,,49.1356657,-122.877468,,,BC
,Sumas Way Substation,,,,,49.031973,-122.2727143,,,BC
,Tsawwassen Beach DC Cable Terminal Station,,,,,49.0280802,-123.1028779,,,BC
,Tsawwassen Substation,,,,,49.036198,-123.0776082,,,BC
,Upper Harrison Terminal Station,,,,,49.75877,-122.2083052,,,BC
,Walters Substation,,,,,49.3099175,-123.0285233,,,BC
,Whalley Substation,,,,,49.190115,-122.839187,,,BC
,White Rock Substation,,,,,49.0308235,-122.7924146,,,BC
,BC Hydro Diesel Generating Station,,,,,53.23565229,-131.8791669,,,BC
,BC Hydro Kwadacha Power Station,,,,,57.41526581,-125.6295956,,,BC
,Peace Canyon Generating,,,,,55.98281074,-121.9968911,,,BC
,Clayton Falls Hydrolelectric Dam,,,,,52.36562532,-126.810295,,,BC
,Ah-Sin-Heek Diesel Generator Station,,,,,52.35892562,-126.7188527,,,BC
,BC Hydro Atlin Power Generating Plant,,,,,59.57573624,-133.6972748,,,BC
,Morfee Substation,,,,,55.31982013,-123.1128469,,,BC
,Williston Substation,,,,,53.85149035,-122.6113379,,,BC
,Glenannan Substation,,,,,54.07339626,-125.0122268,,,BC
,Gibraltar Mine Substation,,,,,52.53021273,-122.2822096,,,BC
,Highland Valley Copper Substation,,,,,50.47054979,-121.018648,,,BC
,Fort Nelson Generation Station,,,,,58.65166297,-122.6930741,,,BC
,Big Silver Creek Generating Station,,,,,49.69321195,-121.8592427,,,BC
,Williams Lake Substation,,,,,52.13316727,-122.138283,,,BC
,Wescup Substation,,,,,58.72419975,-122.701565,,,BC
,Vanderhoof Substation,,,,,54.00833913,-124.0151614,,,BC
,Upper Fraser Substation,,,,,54.11816657,-121.945197,,,BC
,Tumbler Ridge Substation,,,,,55.14855616,-121.1333526,,,BC
,Topley Substation,,,,,54.52053873,-126.293888,,,BC
,Skeena Substation,,,,,54.45174619,-128.6322554,,,BC
,Smithers Substation,,,,,54.77136852,-127.1462074,,,BC
,Taylor Bay Substation,,,,,48.90507995,-123.3621145,,,BC
,Tachic Substation,,,,,54.00085268,-124.0730269,,,BC
,Sundance Lakes Substation,,,,,55.71415748,-121.3516127,,,BC
,Stewart Substation,,,,,55.94825662,-129.9817264,,,BC
,South Bank Substation,,,,,56.18094016,-120.9094828,,,BC
,Soda Creek Substation,,,,,52.30533514,-122.2156902,,,BC
,Groundbirch Substation,,,,,55.74692019,-121.138747,,,BC
,Salmon Valley Substation,,,,,54.14439337,-122.6218814,,,BC
,Prince Rupert Substation,,,,,54.25687532,-130.2309403,,,BC
,Red Bluff Substation,,,,,52.98016316,-122.4661594,,,BC
,Pineview Substation,,,,,53.84540162,-122.6951965,,,BC
,Patricia Substation,,,,,53.90496291,-122.7649665,,,BC
,Minette Substation,,,,,54.032524,-128.7098314,,,BC
,Marguerite Substation,,,,,52.50097086,-122.4281481,,,BC
,BC Hydro Kennedy Substation,,,,,55.07081168,-122.7883686,,,BC
,Isle Pierre Substation,,,,,53.86526069,-123.2718556,,,BC
,Houston Substation,,,,,54.39301339,-126.6685164,,,BC
,Hazelton Substation,,,,,55.24212782,-127.6162291,,,BC
,Glenannan Substation,,,,,54.07337738,-125.0122482,,,BC
,Gavin Lake Substation,,,,,52.48593849,-121.8055282,,,BC
,Fraser Lake Substation,,,,,54.05436292,-124.8501562,,,BC
,Fox Creek Substation,,,,,56.67901763,-120.9739942,,,BC
,Fort St John Substation,,,,,56.22659648,-120.819725,,,BC
,Fort St. James#2 (FM2) Substation,,,,,54.45018472,-124.2500718,,,BC
,Foothills Substation,,,,,53.9074583,-122.8123276,,,BC
,Como Lake Substation,,,,,49.26251401,-122.7965682,,,BC
,Dawson Creek Substation,,,,,55.77897208,-120.2640979,,,BC
,Colebank Substation,,,,,53.2832821,-122.4924604,,,BC
,Canreed Substation,,,,,53.92682915,-122.6938506,,,BC
,Beaverly Substation,,,,,53.84359184,-122.8347507,,,BC
,Bear Mountain Substation,,,,,55.76391413,-120.4463421,,,BC
,Barlow Substation,,,,,53.02059956,-122.4298409,,,BC
,Aiyansh Substation,,,,,55.28111449,-128.9918044,,,BC
,Whatshan Dam Powerhouse,,,,,49.91051401,-118.071726,,,BC
,Kamwood Substation,,,,,50.68604672,-120.3996662,,,BC
,Valleyview Substation,,,,,50.68018446,-120.2831063,,,BC
,Saucier Substation,,,,,49.88252746,-119.4880207,,,BC
,Coal Mountain Substation,,,,,49.51375605,-114.6556403,,,BC
,Riverside Substation,,,,,50.39403223,-119.2272316,,,BC
,Valemount Substation,,,,,52.78257709,-119.2816554,,,BC
,Spences Bridge Substation,,,,,50.42798774,-121.3258347,,,BC
,Natal Substation,,,,,49.73706215,-114.8584591,,,BC
,Sorrento Substation,,,,,50.86770601,-119.462042,,,BC
,Skookumchuck Substation,,,,,49.90372773,-115.738843,,,BC
,Sicamous Substation,,,,,50.84431982,-118.9737145,,,BC
,Seymour Arm Series Capacitor Station,,,,,51.22999564,-119.0137279,,,BC
,70 Mile House Substation,,,,,51.30020893,-121.3962603,,,BC
,Selkirk Substation,,,,,49.06019294,-117.5128316,,,BC
,Savona Substation,,,,,50.75498386,-120.8005601,,,BC
,Salmon Arm Substation,,,,,50.69167911,-119.2517682,,,BC
,Radium Hot Springs Substation,,,,,50.63016931,-116.0742791,,,BC
,Parson Substation,,,,,51.06980605,-116.6301377,,,BC
,100 Mile House Substation,,,,,51.65741485,-121.284551,,,BC
,Nicola Substation,,,,,50.17858389,-120.3904098,,,BC
,New Denver Substation,,,,,49.99752019,-117.3697916,,,BC
,Nelway Substation,,,,,49.0064333,-117.3415032,,,BC
,Nakusp Substation,,,,,50.23815287,-117.7958549,,,BC
,Monte Lake Substation,,,,,50.52370657,-119.836318,,,BC
,Monashee Substation,,,,,49.92037694,-118.1480566,,,BC
,Merritt #2 Substation,,,,,50.11921289,-120.7742485,,,BC
,Marysville Substation,,,,,49.63997279,-115.928398,,,BC
,Kimberley Substation,,,,,49.66387641,-115.9611562,,,BC
,Golden Substation,,,,,51.29281216,-116.9610443,,,BC
,Kelly Lake Substation,,,,,51.02451818,-121.7398416,,,BC
,Joseph Creek Substation,,,,,49.53678387,-115.7550382,,,BC
,Invermere Substation,,,,,50.49524787,-116.117793,,,BC
,Illecillewaet Substation,,,,,50.98582726,-118.2040448,,,BC
,Highland Substation,,,,,50.40752888,-120.8071044,,,BC
,Tolko Substation,,,,,50.84335091,-120.272432,,,BC
,Guichon Series Capacitor Station,,,,,50.48746107,-120.7506274,,,BC
,Fernie Substation,,,,,49.52849034,-115.0468504,,,BC
,Fairmont Substation,,,,,50.31954598,-115.870569,,,BC
,Greenhills Substation,,,,,50.05925753,-114.8561026,,,BC
,BCH Cranbrook Substation,,,,,49.50398101,-115.5794493,,,BC
,Clinton Substation,,,,,51.08126467,-121.5893735,,,BC
,Clearwater Substation,,,,,51.65454276,-120.0342531,,,BC
,Chase Substation,,,,,50.82248077,-119.7050295,,,BC
,Carquille Substation,,,,,50.88693307,-121.3987463,,,BC
,Canal Flats Substation,,,,,50.15036247,-115.8229989,,,BC
,Brocklehurst Substation,,,,,50.70892963,-120.3853337,,,BC
,Blue River Substation,,,,,52.11671429,-119.3183577,,,BC
,Barriere Substation,,,,,51.1998983,-120.1336952,,,BC
,Avola Substation,,,,,51.78377442,-119.3270898,,,BC
,Athalmer Substation,,,,,50.51532966,-116.0009119,,,BC
,Ashton Creek Substation,,,,,50.56119863,-118.9937591,,,BC
,Ashcroft Substation,,,,,50.73687735,-121.2825043,,,BC
,BC Hydro Armstrong Substation,,,,,50.44864944,-119.1835074,,,BC
,Sumas Way Substation,,,,,49.03200235,-122.2701111,,,BC
,Clayburn Substation,,,,,49.06837657,-122.2970041,,,BC
,Ioco Substation,,,,,49.30834259,-122.8842502,,,BC
,Petro-Canada Substation,,,,,49.27897549,-122.885021,,,BC
